{"train_loss": [0.5852150314420627, 0.5118328020058943, 0.4588902483987545, 0.40977501202354116, 0.3668746722666598, 0.34615014723980625, 0.308024858531043, 0.2890321045949314, 0.2713237676501933, 0.258076629997617, 0.24478826523650418, 0.23364632119789966, 0.2196660040162545, 0.20568980284817312, 0.19701712829631995, 0.1911602417490759, 0.1786525922914895], "train_acc": [0.692823434732237, 0.7461920657210587, 0.7843385513316202, 0.812538367114673, 0.8356929098703585, 0.8496105740083515, 0.8673073972127714, 0.8755083640636001, 0.8824144414116665, 0.8888792971879738, 0.8995069828481306, 0.9007826888758833, 0.9075448895027625, 0.9165131983177438, 0.9192756292569703, 0.9235151933701657, 0.9265366022099447], "val_loss": [0.5055267908003019, 0.45072097784799076, 0.3934109758423722, 0.36260466698719107, 0.33619001329593035, 0.3297773795607297, 0.33100458266942395, 0.33064584304457123, 0.3502618411312933, 0.3249791530163392, 0.3640576455256213, 0.3239824521537546, 0.35188321461496147, 0.3719765501825706, 0.3850252259036769, 0.3823040236273538, 0.3482170011038366], "val_acc": [0.7479619565217391, 0.782608695652174, 0.8118206521739131, 0.8400135869565217, 0.8515625, 0.8583559782608695, 0.8536005434782609, 0.859375, 0.8661684782608695, 0.8722826086956522, 0.8610733695652174, 0.8756793478260869, 0.8682065217391305, 0.8552989130434783, 0.8665081521739131, 0.8729619565217391, 0.8756793478260869]}