{"train_loss": [0.6262848377227783, 0.5690407752990723, 0.5423944592475891, 0.529180645942688, 0.5115365386009216, 0.49503785371780396, 0.4916231036186218, 0.4769169092178345, 0.48156434297561646, 0.472680926322937], "valid_loss": [0.5586975812911987, 0.5333797931671143, 0.4968690276145935, 0.4668460786342621, 0.4589853584766388, 0.43803343176841736, 0.44606897234916687, 0.4191381633281708, 0.39511317014694214, 0.397937536239624], "train_acc": [0.6467154622077942, 0.7023763656616211, 0.7241913080215454, 0.728234589099884, 0.7451578974723816, 0.7592350840568542, 0.7564396262168884, 0.7656251192092896, 0.7613317966461182, 0.7698183059692383], "valid_acc": [0.7163766622543335, 0.7242881059646606, 0.762658417224884, 0.777492105960846, 0.7850079536437988, 0.791139543056488, 0.7883701920509338, 0.8024128079414368, 0.8178401589393616, 0.8196202516555786]}